{
    "tps_avg": {
        "min": 3.9124751178329897,
        "max": 134.37750001387167
    },
    "gpu_avg": {
        "min": 0.0,
        "max": 0.0
    }
}