{
    "tps_avg": {
        "min": 0.0,
        "max": 35.86422113525137
    },
    "gpu_avg": {
        "min": 518.281124497992,
        "max": 3080.72268907563
    }
}