{
    "tps_avg": {
        "min": 0.0,
        "max": 60.12843291354783
    },
    "gpu_avg": {
        "min": 440.77777777777777,
        "max": 2443.1666666666665
    }
}