{
    "tps_avg": {
        "min": 0.0,
        "max": 24.052283591384025
    },
    "gpu_avg": {
        "min": 326.26666666666665,
        "max": 3657.0
    }
}