{
    "tps_avg": {
        "min": 0.0,
        "max": 39.06361166404039
    },
    "gpu_avg": {
        "min": 551.9333333333333,
        "max": 2410.875
    }
}