{
    "tps_avg": {
        "min": 7.803527944318041,
        "max": 215.74988286802898
    },
    "gpu_avg": {
        "min": 746.7368421052631,
        "max": 8568.666666666666
    }
}