{
    "tps_avg": {
        "min": 0.0,
        "max": 173.77850979178638
    },
    "gpu_avg": {
        "min": 798.6060606060606,
        "max": 22000.0
    }
}