{
    "tps_avg": {
        "min": 4.318222041055087,
        "max": 138.52335128460285
    },
    "gpu_avg": {
        "min": 1261.7619047619048,
        "max": 9134.666666666666
    }
}