{
    "tps_avg": {
        "min": 5.395589249983303,
        "max": 190.69599327656715
    },
    "gpu_avg": {
        "min": 1178.0645161290322,
        "max": 6534.0
    }
}