{
    "tps_avg": {
        "min": 2.6310489393001713,
        "max": 189.41253954465932
    },
    "gpu_avg": {
        "min": 974.2666666666667,
        "max": 6604.0
    }
}