{
    "tps_avg": {
        "min": 0.0,
        "max": 94.22012384013738
    },
    "gpu_avg": {
        "min": 161.8181818181818,
        "max": 11068.0
    }
}