{
    "tps_avg": {
        "min": 10.228371784469893,
        "max": 133.9127212912104
    },
    "gpu_avg": {
        "min": 504.70588235294116,
        "max": 6869.0
    }
}