{
    "tps_avg": {
        "min": 4.1237765121638095,
        "max": 98.39684074546643
    },
    "gpu_avg": {
        "min": 857.6551724137931,
        "max": 7046.0
    }
}