{
    "tps_avg": {
        "min": 3.4777106339627966,
        "max": 61.22530207317542
    },
    "gpu_avg": {
        "min": 593.0204081632653,
        "max": 8622.0
    }
}