{
    "tps_avg": {
        "min": 0.0,
        "max": 21.505635663310752
    },
    "gpu_avg": {
        "min": 1209.6888888888889,
        "max": 4424.391304347826
    }
}