{
    "tps_avg": {
        "min": 0.0,
        "max": 12.93991730884914
    },
    "gpu_avg": {
        "min": 1284.9066666666668,
        "max": 5000
    }
}